query_id, description
1, The Pricing Summary Report Query provides a summary pricing report for all lineitems shipped before 1998-09-02. The query lists totals for quantity, extended price, discounted extended price, discounted extended price plus tax, average quantity, average extended price, and average discount. These aggregates are grouped by RETURNFLAG and LINESTATUS, and listed in ascending order of RETURNFLAG and LINESTATUS. A count of the number of lineitems in each group is included.

2, The Minimum Cost Supplier Query finds, in EUROPE region, for each part of a BRASS type and size of 15, the supplier who can supply it at minimum cost. If several suppliers in that EUROPE offers the BRASS part and size of 15 at the same (minimum) cost, the query lists the suppliers with the order by account balance in descending order, and nation name, supplier name, part key in ascending order. For each supplier, the query lists the supplier's account balance, name and nation; the part's number and manufacturer; the supplier's address, phone number and comment information.

3, The Shipping Priority Query retrieves the shipping priority and potential revenue, defined as the sum of l_extendedprice * (1-l_discount), of the orders having the largest revenue among those that had not been shipped as of a given date of 1995-03-15 and where market segment is BUILDING. Orders are listed in decreasing order of revenue.

4, The Order Priority Checking Query counts the number of orders ordered between 1993-07-01 and 1993-10-01 in which at least one lineitem was received by the customer later than its committed date. The query lists the count of such orders for each order priority sorted in ascending priority order.

5, The Local Supplier Volume Query lists for each nation in ASIA region the revenue volume that resulted from lineitem transactions in which the customer ordering parts and the supplier filling them were both within ASIA. The query is run in order to determine whether to institute local distribution centers in ASIA. The query considers only parts ordered between 1990-01-01 and 1995-01-01. The query displays the nations and revenue volume in descending order by revenue. Revenue volume for all qualifying lineitems in a particular nation is defined as sum(l_extendedprice * (1 - l_discount)).

6, The Forecasting Revenue Change Query considers all the lineitems shipped between 1994-01-01 and 1995-01-01 with discounts between .06 - 0.01 and .06 + 0.01. The query lists the amount by which the total revenue would have increased if these discounts had been eliminated for lineitems with l_quantity less than 24. Note that the potential revenue increase is equal to the sum of [l_extendedprice * l_discount] for all lineitems with discounts and quantities in the qualifying range.

7, The Volume Shipping Query finds, for two given nations which are INDIA and JAPAN, the gross discounted revenues derived from lineitems in which parts were shipped from a supplier in either nation to a customer in the other nation during 1995 and 1996. The query lists the supplier nation, the customer nation, the year, and the revenue from shipments that took place in that year. The query orders the answer by Supplier nation, Customer nation, and year (all ascending).

8, This query determines how the market share of INDA within ASIA has changed over two years for SMALL PLATED COPPER., The market share for INDA within ASIA is defined as the fraction of the revenue, the sum of [l_extendedprice * (1-l_discount)], from the products of SMALL PLATED COPPER in ASIA that was supplied by suppliers from INDIA. The query determines this for the years 1995 and 1996 presented in this order.

9, This query determines how much profit is made on a given line of parts, broken out by supplier nation and year., The Product Type Profit Measure Query finds, for each nation and each year, the profit for all parts ordered in that year that contain a specified dim in their names and that were filled by a supplier in that nation. The profit is defined as the sum of [(l_extendedprice*(1-l_discount)) - (ps_supplycost * l_quantity)] for all lineitems describing parts in the specified line. The query lists the nations in ascending alphabetical order and, for each nation, the year and profit in descending order by year (most recent first).

10, The query identifies customers who might be having problems with the parts that are shipped to them., The Returned Item Reporting Query finds the customers, in terms of their effect on lost revenue betwen  1993-10-01 and 1994-01-01, who have returned parts. The query considers only parts that were ordered in the specified quarter. The query lists the customer's name, address, nation, phone number, account balance, comment information and revenue lost. The customers are listed in descending order of lost revenue, customer key, customer name and customer account balance. Revenue lost is defined as sum(l_extendedprice*(1-l_discount)) for all qualifying lineitems., 

11, This query finds the most important subset of suppliers' stock in GERMANY., The Important Stock Identification Query finds, from scanning the available stock of suppliers in GERMANY, all the parts that represent a significant percentage of the total value of all available parts. The query displays the part number and the value of those parts in descending order of value.

12, This query determines whether selecting less expensive modes of shipping is negatively affecting the critical-priority orders by causing more parts to be received by customers after the committed date., The Shipping Modes and Order Priority Query counts, by ship mode which is MAIL and SHIP, for lineitems actually received by customers between 1994-01-01 and 1995-01-01 which is the receipt date, the number of lineitems belonging to orders for which the l_receiptdate exceeds the l_commitdate for two different specified ship modes. Only lineitems that were actually shipped before the l_commitdate are considered. The late lineitems are partitioned into two groups, those with priority URGENT or HIGH, and those with a priority other than URGENT or HIGH., 

13, This query seeks relationships between customers and the size of their orders., This query determines the distribution of customers by the number of orders they have made, including customers who have no record of orders, past or present. It counts and reports how many customers have no orders, how many have 1, 2, 3, etc. A check is made to ensure that the orders counted do not fall into pending deposits. Special categories are identified in the order comment column by looking for a particular pattern(XXXX).,

14, This query monitors the market response to a promotion such as TV advertisements or a special campaign. ,The Promotion Effect Query determines what percentage of the revenue between 1995-09-01 and 1995-10-01 and "1995-09-01 and 1995-10-01" was derived from promotional parts. The query considers only parts actually shipped  and gives the percentage. Revenue is defined as (l_extendedprice * (1-l_discount)).

15, This query determines the top supplier so it can be rewarded, given more business, or identified for special recognition., The Top Supplier Query finds the supplier who contributed the most to the overall revenue for parts shipped between 1996-01-01 and 1996-04-01. In case of a tie, the query lists all suppliers whose contribution was equal to the maximum, presented in supplier number order.

16, This query finds out how many suppliers can supply parts with given attributes. It might be used, for example, to determine whether there is a sufficient number of suppliers for heavily ordered parts., The Parts/Supplier Relationship Query counts the number of suppliers who can supply parts that satisfy a particular customer's requirements which does not have a brand id of 45. The customer is interested in parts of eight different sizes which are one of 49, 14, 23, 45, 19, 3, 36, or 9, as long as they are not of MEDIUM POLISHED, not of a brand 45, and not from a supplier who has had complaints registered at the Better Business Bureau. Results must be presented in descending count and ascending brand, type, and size.

17,  This query determines how much average yearly revenue would be lost if orders were no longer filled for small quantities of certain parts. This may reduce overhead expenses by concentrating sales on larger shipments., The Small-Quantity-Order Revenue Query considers parts of a brand 23 and with MED BAG and determines the average lineitem quantity of such parts ordered for all orders (past and pending) in the 7-year database. What would be the average yearly gross (undiscounted) loss in revenue if orders for these parts with a quantity of less than 20% of this average were no longer taken?

18, The Large Volume Customer Query ranks customers based on their having placed a large quantity order. Large quantity orders are defined as those orders whose total quantity is above a certain level., The Large Volume Customer Query finds a list of the customers who have ever placed quantity orders larger than 300. The query lists the customer name, customer key, the order key, date and total price and the quantity for the order.

19, The Discounted Revenue query finds the gross discounted revenue for all orders for three different types of parts. Parts are selected based on the combination of specific brands, a list of containers, and a range of sizes. The first type has a brand id of 12, a container of 'SM CASE', 'SM BOX' 'SM PACK', or 'SM PKG', quantity which is greater than or eqaul to 1 and less than or equal to 11, size between 1 and 5. The second type has a brand id of 23, a container of 'MED BAG', 'MED BOX', 'MED PKG', or 'MED PACK', quantity which is greater than or eqaul to 10 and less than or equal to 20, size between 1 and 10. The third type has a brand id of 34, a container of 'LG CASE', 'LG BOX', 'LG PACK', or 'LG PKG', quantity which is greater than or eqaul to 20 and less than or equal to 30, size between 1 and 15.
All should be shipped by air whose SHIPMODE is either 'AIR' or 'AIR REG' and delivered in person. 

20, The Potential Part Promotion query identifies suppliers who have an excess of a forest part; an excess is defined to be more than 50% of the parts like the forest part that the supplier shipped between 1994-01-01 and 1995-01-01 for CANADA. Only parts whose names share a certain naming convention are considered.

21, The Suppliers Who Kept Orders Waiting query identifies suppliers, for a nation which is SAUDI ARABIA, whose product was part of a multi-supplier order (with current status of 'F') where they were the only supplier who failed to meet the committed delivery date.

22, The Global Sales Opportunity Query identifies geographies where there are customers who may be likely to make a purchase. This query counts how many customers within a specific range of country codes have not placed orders for 7 years whose average account balance is greater than 0.00. It also reflects the magnitude of that balance. Country code is defined as the first two characters of c_phone which should be one of '20', '40', '22', '30', '39', '42', or '21'. 
