S_SUPPKEY,S_NAME,S_ADDRESS,S_PHONE,S_ACCTBAL,S_COMMENT
472,Supplier#000000472,NlJV2a0ovbomfosgHUBx6sgT,30-976-134-3524,6238.12,to the quickly even deposits print slyly ironic requests. sp
825,Supplier#000000825,",9nqq,JWR0ztG0qp4rlDHgtShbP7AViBj",30-486-346-1320,4461.68,es haggle since the carefully regular theodolites: bold deposits according
811,Supplier#000000811,pLtLc7cdmb,30-734-469-7797,558.91,bold ideas sleep against the ideas. silent deposits are furiously even foxes. blithely
380,Supplier#000000380,LiXmikqsO6R40FKovSUZpl,30-245-487-4913,5421.70,re. grouches against the blithely regular asymptotes sleep slyly daringly p
496,Supplier#000000496,be4auZxyqAgF5ysH3nXWcc7bDsNgdZ,30-810-880-3654,2266.32,theodolites. slyly regular 
262,Supplier#000000262," 3kCm2eN3Jra2UzvWWBm,P04b",30-952-865-8647,2138.97, ironic escapades. furiously even ideas affix blithely. silent accounts thrash beneath the
357,Supplier#000000357,"Vf7Hi5DuzZ6RJ,mfaXBVNqx0",30-147-268-1519,5724.04,e slyly among the furious
578,Supplier#000000578,"bn5J0A4426DpcW7m rQ9,qxqJ1KN",30-105-334-1726,7428.76,carefully about the slyly regular warthogs. special packages above the regular pa
445,Supplier#000000445,WqzJKhnLnF05It4 5TDkGkUwVYszIko,30-686-270-2150,3065.22,"r the stealthy theodolites. bold, unusual attainmen"
708,Supplier#000000708,"qGdOm1xZczyifQ ,Ba2ptq2L7i2K9oWKXu dO9z",30-101-252-7593,7364.29,y ironic instructions. bold packages are after
74,Supplier#000000074,uM3yV5NOc6b5wNdpxF69CW 8QvDxqvKubRJtA,30-166-486-1559,4170.51,carefully along the quickly regular sentiments. ironic accounts sleep. regular deposits are blith
500,Supplier#000000500,jLfNCVrj7X5h31yfSR02Z4x7K,30-229-226-6452,6738.72,ly. carefully final packages boost
778,Supplier#000000778,SHE9zl 2BWMYhH25,30-653-194-4012,2200.43,tructions along the furiousl
427,Supplier#000000427," Hnd2bzQ95, Adq bg7BQAbFVmRV9rQ,jY98",30-315-782-5162,6223.17,he regular requests haggle blithely about the forges
929,Supplier#000000929,XYQyy9rraHvHMCBQcoGnAvfw0iGG4jOCMENI,30-190-675-2042,1235.72,ully according to the doggedly even theodolites. f
977,Supplier#000000977,"Kuud1x4l,UNEkRAQjCEsu",30-938-867-9723,3633.55,lithely ironic requests sleep enticingly ironic foxes. deposits along the slyly pending dolphi
436,Supplier#000000436,"MV8Xu3m,93IINpPlE",30-253-200-6170,8396.49,. carefully regular request
687,Supplier#000000687,PN0ZGBcv2F7yzeOMZflOAoEnhAUMPocj6sc,30-168-842-6668,-624.22,usly. regular theodolites along the careful
670,Supplier#000000670,z2NRPuuVeu1jmuuyzoMOlpoCI6P,30-364-864-1141,8887.18,arefully fluffily even pinto beans. pinto bean
673,Supplier#000000673,GCmswucbTQe2Q3OHcnsNI,30-592-284-5403,5335.98,y ruthless requests. furiously regular accounts wake after
788,Supplier#000000788,jL QLbG475Uszs4 2RxBp4oR,30-377-394-1108,827.21,bold requests along the quickly special dependencies use outside the
379,Supplier#000000379,jyGWzIJTAdI0Iko2o,30-202-917-6929,3698.31,sleep? express packages are quietly around the slyly even ideas. express accoun
762,Supplier#000000762,GRVedLFC19uN9o8bNyNZWwzcbDUo2eT,30-393-711-8623,939.86,bove the bold packages. blithely final dolphins wake against the 
167,Supplier#000000167,FEDldnEfBHVGOmKdFevemmG2,30-725-194-1727,5731.87,rding to the slyly bold deposits haggle furiously furiously regular accounts. blithely bold pac
660,Supplier#000000660,AmvX 3nxd9r EOYZErE6PvBtFx ,30-126-295-9200,2555.98,longside of the requests. fluffily bold 
669,Supplier#000000669,",Csubly4KD59igxGYacW2q7jUvQ4ZaOKQC",30-256-757-7811,8577.07, pinto beans nag after the slyly final packages. final requests among the furiousl
144,Supplier#000000144,f8tddEKps816HHqNwsKdn3,30-726-423-7363,9806.29, carefully even pinto beans n
718,Supplier#000000718,W9byXRtqvNdPivnxG76r6,30-551-841-7946,8000.05," around the pending, special excuses are against the final instructions. regular deposits "
565,Supplier#000000565,",oYB9wlD3mtL lj3PJC67a RGXaqh69sHK5G4e",30-487-989-9411,-334.52,s haggle never furiously special deposits. final attainments breach special pains. fl
821,Supplier#000000821,O HVe5AKfowNLnep8qd2brd9fbZm WkJuc9Lli,30-472-667-2703,6497.93,"old, regular packages about the platelets haggle slyly pending, unusual"
114,Supplier#000000114,Uvz iykaBYOC,30-998-334-7841,4559.18,jole slyly blithely regular requests-- even requests haggle alongsid
889,Supplier#000000889,saKBdGnsGS9ccCMGJ5NFoKwZ7HkS7,30-566-872-3482,8570.93, the furiously final requests
399,Supplier#000000399,UCzZPQfZXnRhGZcXfnnvkfnqLVEOc,30-814-148-6803,345.97, haggle furiously about the close theodolites. foxes along the bra
486,Supplier#000000486,"nCwPqLXZwjH20OVRy,fCQskTo3it2JHEGn7l",30-632-817-3179,2709.83,"nusual, pending deposits wake blithely ironic deposits. "
503,Supplier#000000503,OtYqMbur3v7nfzYgFYmMrJvq5YTj1MtXgefj,30-263-152-1630,7643.78,"players are across the slyly silent requests: even, r"
633,Supplier#000000633,HhHzqIEl0jP8SQYZ7EybSWCtRFhmytByO7CPNZ,30-502-537-4154,3322.37,ent accounts mold. blithely unusual packages wake. furiously f
918,Supplier#000000918,"e0sB7xAU3,cWF7pzXrpIbATUNydCUZup",30-303-831-1662,7893.58,ependencies wake carefull
188,Supplier#000000188,"boP,dP6PjNCADoMv3FaXKRREikgs4J7cYng",30-573-811-4001,1020.57,ual requests cajole. final deposits
602,Supplier#000000602,xEtByOs0Pydp9y75MSgoy6T R6PT8e,30-106-955-5651,8924.02,"tes. furiously careful pains are. quickly even platelets boost sly,"
920,Supplier#000000920,"Ix0QnIqftxMwHW5KHeB,xB",30-713-464-9920,-111.84,leep carefully among the e
648,Supplier#000000648,0RXVM8t80LLWl,30-526-602-8400,4877.49,aggle daring instructions. furiously final deposits detect furio
415,Supplier#000000415,"ibzrtLp NIBzzQVh2mc6M7GJj3V2Z5uKlIDw,z",30-297-706-6489,8575.44,inal deposits against the ironic Tiresias wake according to th
846,Supplier#000000846,C1Cs3zHlceRMxlaPIBprCC76x4LKVdH3QhZ,30-283-261-2020,7122.90,thely special deposits was furious
460,Supplier#000000460,"lGEBJPLJaDwOhZpc7DQMY,PTUEv6BVBUsOGK0oF",30-851-458-4942,7619.85,ar theodolites use carefully about
610,Supplier#000000610,"cRikc,rgxAM3yz0IR85OD",30-402-585-4900,668.12,"gainst the ideas. regular instructions are. theodolites cajole furiously final, un"
709,Supplier#000000709,D8Mg5T7enR4HOYbpwPgkdDycdI5FpoTnXWUHB,30-921-692-7914,8638.35,nal requests. furiously even requests are
659,Supplier#000000659,"jjVP5XCtV9jbvUnkoeFUTrgB,ke",30-917-437-7814,631.86,"r, ironic requests. carefully ruthless theodolites across the bravely bold deposits cajole car"
